d5e349815Heiligenlexikon-1858;;Q885035
d3e522526Heiligenlexikon-1858;;Q737198
d3e311653Heiligenlexikon-1858;;Q315312
d3e25297Heiligenlexikon-1858;;
d3e110973Heiligenlexikon-1858;;
d3e139625Heiligenlexikon-1858;;
d5e301884Heiligenlexikon-1858;;
d3e239468Heiligenlexikon-1858;;
d5e306463Heiligenlexikon-1858;;
d5e95141Heiligenlexikon-1858;;
d5e346893Heiligenlexikon-1858;;
d5e158395Heiligenlexikon-1858;;
d5e145552Heiligenlexikon-1858;;Q1989038
d3e49619Heiligenlexikon-1858;;
d5e205231Heiligenlexikon-1858;;
d3e389085Heiligenlexikon-1858;;
d5e33411Heiligenlexikon-1858;;
d3e137989Heiligenlexikon-1858;;
d3e10136Heiligenlexikon-1858;;
d5e315087Heiligenlexikon-1858;;
d3e41473Heiligenlexikon-1858;;
d3e165608Heiligenlexikon-1858;;
d5e302380Heiligenlexikon-1858;;
d3e68329Heiligenlexikon-1858;;
d3e371904Heiligenlexikon-1858;;
d3e539324Heiligenlexikon-1858;;Q3218578
d3e102925Heiligenlexikon-1858;;
d5e115514Heiligenlexikon-1858;;
d3e349025Heiligenlexikon-1858;;
d3e123695Heiligenlexikon-1858;;Q216946
d3e89626Heiligenlexikon-1858;;Q4828162
d5e122241Heiligenlexikon-1858;;
d3e56488Heiligenlexikon-1858;;Q2057464
d3e536341Heiligenlexikon-1858;;
d3e86709Heiligenlexikon-1858;;
d3e305601Heiligenlexikon-1858;;Q745899
d3e343025Heiligenlexikon-1858;;
d5e317572Heiligenlexikon-1858;;
d3e232852Heiligenlexikon-1858;;
d3e489912Heiligenlexikon-1858;;
d5e263160Heiligenlexikon-1858;;
d3e43423Heiligenlexikon-1858;;
d3e193650Heiligenlexikon-1858;;
d3e31275Heiligenlexikon-1858;;
d5e347300Heiligenlexikon-1858;;
d5e261072Heiligenlexikon-1858;;Q111819
d3e276933Heiligenlexikon-1858;;Q3072671
d5e53786Heiligenlexikon-1858;;
d3e233844Heiligenlexikon-1858;;
d3e565650Heiligenlexikon-1858;;
d5e122935Heiligenlexikon-1858;;
d5e287796Heiligenlexikon-1858;;
d3e521565Heiligenlexikon-1858;;
d5e385107Heiligenlexikon-1858;;Q3949268
d5e320315Heiligenlexikon-1858;;Q106376682
d5e282272Heiligenlexikon-1858;;
d3e56015Heiligenlexikon-1858;;
d5e100189Heiligenlexikon-1858;;
d3e413214Heiligenlexikon-1858;;
d5e203445Heiligenlexikon-1858;;
d3e250410Heiligenlexikon-1858;;
d3e309420Heiligenlexikon-1858;;
d3e93441Heiligenlexikon-1858;;
d3e117719Heiligenlexikon-1858;;
d3e566996Heiligenlexikon-1858;;
d3e349834Heiligenlexikon-1858;;Q1236844
d3e9109Heiligenlexikon-1858;;Q105965587
d3e118395Heiligenlexikon-1858;;Q204996
d3e548499Heiligenlexikon-1858;;Q442235
d5e323642Heiligenlexikon-1858;;
d3e228395Heiligenlexikon-1858;;Q2389729
d3e557167Heiligenlexikon-1858;;
d5e267522Heiligenlexikon-1858;;
d5e258646Heiligenlexikon-1858;;
d3e189144Heiligenlexikon-1858;;
d5e124567Heiligenlexikon-1858;;
d3e120779Heiligenlexikon-1858;;
d5e324518Heiligenlexikon-1858;;
d3e19899Heiligenlexikon-1858;;Q2720655
d5e140505Heiligenlexikon-1858;;Q473364
d5e65705Heiligenlexikon-1858;;
d5e48525Heiligenlexikon-1858;;
d3e24103Heiligenlexikon-1858;;
d3e229820Heiligenlexikon-1858;;Q2186180
d5e86400Heiligenlexikon-1858;;
d5e159261Heiligenlexikon-1858;;
d3e13492Heiligenlexikon-1858;;
d3e205609Heiligenlexikon-1858;;
d5e225999Heiligenlexikon-1858;;
d3e210984Heiligenlexikon-1858;;
d3e508350Heiligenlexikon-1858;;
d3e130431Heiligenlexikon-1858;;
d3e32350Heiligenlexikon-1858;;
d3e326146Heiligenlexikon-1858;;
d3e69890Heiligenlexikon-1858;;
d5e391029Heiligenlexikon-1858;;Q160686
d5e77559Heiligenlexikon-1858;;Q532019
d3e20044Heiligenlexikon-1858;;
d3e571901Heiligenlexikon-1858;;
d3e90311Heiligenlexikon-1858;;
d3e192747Heiligenlexikon-1858;;Q6955878
d5e391819Heiligenlexikon-1858;;
d3e306563Heiligenlexikon-1858;;Q3553492
d5e92324Heiligenlexikon-1858;;
d5e19026Heiligenlexikon-1858;;
d3e357705Heiligenlexikon-1858;;
d5e71552Heiligenlexikon-1858;;
d5e268685Heiligenlexikon-1858;;
d5e139683Heiligenlexikon-1858;;Q436718
d5e384613Heiligenlexikon-1858;;
d3e18842Heiligenlexikon-1858;;
d3e543706Heiligenlexikon-1858;;Q3218578
d5e201520Heiligenlexikon-1858;;
d3e237074Heiligenlexikon-1858;;
d5e26057Heiligenlexikon-1858;;
d5e306956Heiligenlexikon-1858;;
d3e30118Heiligenlexikon-1858;;Q80028
d3e30118Heiligenlexikon-1858;;Q80028
d3e118645Heiligenlexikon-1858;;
d3e450997Heiligenlexikon-1858;;
d3e21248Heiligenlexikon-1858;;Q395171
d3e352729Heiligenlexikon-1858;;
d5e145989Heiligenlexikon-1858;;
d3e351500Heiligenlexikon-1858;;
d3e406698Heiligenlexikon-1858;;Q427221
d3e406698Heiligenlexikon-1858;;Q427221
d3e560471Heiligenlexikon-1858;;
d3e73419Heiligenlexikon-1858;;
d3e325562Heiligenlexikon-1858;;
d3e334855Heiligenlexikon-1858;;Q1545017
d5e340517Heiligenlexikon-1858;;
d5e158667Heiligenlexikon-1858;;
d3e411900Heiligenlexikon-1858;;
d5e9871Heiligenlexikon-1858;;
d3e404070Heiligenlexikon-1858;;
d3e295888Heiligenlexikon-1858;;
d3e82903Heiligenlexikon-1858;;
d3e256208Heiligenlexikon-1858;;
d3e55012Heiligenlexikon-1858;;Q113369464
d3e132316Heiligenlexikon-1858;;
d5e178304Heiligenlexikon-1858;;
d3e10697Heiligenlexikon-1858;;
d3e68031Heiligenlexikon-1858;;
d3e227775Heiligenlexikon-1858;;Q149727
d3e587568Heiligenlexikon-1858;;
d5e364492Heiligenlexikon-1858;;
d3e296935Heiligenlexikon-1858;;
d3e537925Heiligenlexikon-1858;;
d3e80949Heiligenlexikon-1858;;
d3e312690Heiligenlexikon-1858;;
d3e155553Heiligenlexikon-1858;;
d3e57442Heiligenlexikon-1858;;
d3e163573Heiligenlexikon-1858;;
d5e315434Heiligenlexikon-1858;;
d5e142877Heiligenlexikon-1858;;Q269867
d3e145120Heiligenlexikon-1858;;
d5e353903Heiligenlexikon-1858;;
d5e370422Heiligenlexikon-1858;;
d5e335866Heiligenlexikon-1858;;
d3e207824Heiligenlexikon-1858;;Q292219
d3e50525Heiligenlexikon-1858;;
d3e544882Heiligenlexikon-1858;;
d3e124854Heiligenlexikon-1858;;Q4961976
d5e370522Heiligenlexikon-1858;;
d3e205654Heiligenlexikon-1858;;
d5e211651Heiligenlexikon-1858;;
d5e163437Heiligenlexikon-1858;;
d5e149289Heiligenlexikon-1858;;
d5e282212Heiligenlexikon-1858;;Q3821735
d3e167067Heiligenlexikon-1858;;
d3e416320Heiligenlexikon-1858;;
d3e237643Heiligenlexikon-1858;;
d3e218030Heiligenlexikon-1858;;
d3e151981Heiligenlexikon-1858;;
d3e584766Heiligenlexikon-1858;;
d5e232032Heiligenlexikon-1858;;Q121603289
d3e222240Heiligenlexikon-1858;;
d5e270057Heiligenlexikon-1858;;
d3e134445Heiligenlexikon-1858;;Q2935097
d3e586010Heiligenlexikon-1858;;
d3e125922Heiligenlexikon-1858;;Q921091
d5e140554Heiligenlexikon-1858;;
d3e80501Heiligenlexikon-1858;;Q97131859
d5e10578Heiligenlexikon-1858;;
d3e137252Heiligenlexikon-1858;;
d3e411717Heiligenlexikon-1858;;
d5e284806Heiligenlexikon-1858;;Q682282
d5e78411Heiligenlexikon-1858;;
d3e319866Heiligenlexikon-1858;;
d5e237097Heiligenlexikon-1858;;
d5e270172Heiligenlexikon-1858;;
d3e497870Heiligenlexikon-1858;;
d3e170744Heiligenlexikon-1858;;
d5e268500Heiligenlexikon-1858;;
d5e247368Heiligenlexikon-1858;;
d5e264734Heiligenlexikon-1858;;
d5e376340Heiligenlexikon-1858;;
d5e276071Heiligenlexikon-1858;;Q231300
d3e262749Heiligenlexikon-1858;;
d3e253419Heiligenlexikon-1858;;
